sub_region,country,drug,year,wholesale_price,retail_price
North America,United States of America,Cocaine,1990,48300,79.95
North America,United States of America,Cocaine,1991,48100,76.58
North America,United States of America,Cocaine,1992,44730,72.79
North America,United States of America,Cocaine,1993,42180,74.11
North America,United States of America,Cocaine,1994,38640,68.01
North America,United States of America,Cocaine,1995,35700,72.01
North America,United States of America,Cocaine,1996,34320,73.03
North America,United States of America,Cocaine,1997,31960,72.37
North America,United States of America,Cocaine,1998,30870,72.49
North America,United States of America,Cocaine,1999,29580,70.22
North America,United States of America,Cocaine,2000,21500,76.73
North America,United States of America,Cocaine,2001,23000,73.54
North America,United States of America,Cocaine,2002,21500,71.03
North America,United States of America,Cocaine,2003,22066,73.78
North America,United States of America,Cocaine,2004,20500,69.63
North America,United States of America,Cocaine,2005,20500,66.18
North America,United States of America,Cocaine,2006,26500,64.03
North America,United States of America,Cocaine,2007,31000,69.62
North America,United States of America,Cocaine,2008,26500,78.28
North America,United States of America,Cocaine,2009,28250,83.68
North America,United States of America,Cocaine,2010,30750,83.74
North America,United States of America,Cocaine,2011,40800,84.88
North America,United States of America,Cocaine,2012,29000,96.39
North America,United States of America,Cocaine,2013,28750,98.72
North America,United States of America,Cocaine,2014,29000,103.09
North America,United States of America,Cocaine,2015,28250,103
North America,United States of America,Cocaine,2016,28000,91.79
North America,United States of America,Cocaine,2017,28000,98
North America,United States of America,Cocaine,2018,26000,101
North America,United States of America,Cocaine,2019,29000,120
North America,United States of America,Cocaine,2020,29000,120
North America,United States of America,Heroin,1990,162500,359.02
North America,United States of America,Heroin,1991,155000,427.78
North America,United States of America,Heroin,1992,150000,480.52
North America,United States of America,Heroin,1993,146000,373.51
North America,United States of America,Heroin,1994,142500,399.68
North America,United States of America,Heroin,1995,146000,395.16
North America,United States of America,Heroin,1996,141875,339.28
North America,United States of America,Heroin,1997,129375,357.01
North America,United States of America,Heroin,1998,125000,322.75
North America,United States of America,Heroin,1999,107000,310.18
North America,United States of America,Heroin,2000,81200,307.06
North America,United States of America,Heroin,2001,59500,284.89
North America,United States of America,Heroin,2002,50750,282.35
North America,United States of America,Heroin,2003,68800,267.88
North America,United States of America,Heroin,2004,65500,252.84
North America,United States of America,Heroin,2005,65000,255.61
North America,United States of America,Heroin,2006,65000,258.61
North America,United States of America,Heroin,2007,71200,229.52
North America,United States of America,Heroin,2008,57500,310.33
North America,United States of America,Heroin,2009,65053.25,274.89
North America,United States of America,Heroin,2010,65750,279.03
North America,United States of America,Heroin,2011,55583.33,260.43
North America,United States of America,Heroin,2012,61000,271.3
North America,United States of America,Heroin,2013,61000,259.59
North America,United States of America,Heroin,2014,68333.33,264.68
North America,United States of America,Heroin,2015,59500,264.94
North America,United States of America,Heroin,2016,53333.33,293.64
North America,United States of America,Heroin,2017,53333.33,360.85
North America,United States of America,Heroin,2018,53000,393.85
North America,United States of America,Heroin,2019,53000,393.85
North America,United States of America,Heroin,2020,53000,393.85
Western and Central Europe,Austria,Cocaine,1990,66000,198
Western and Central Europe,Austria,Cocaine,1991,66000,180
Western and Central Europe,Austria,Cocaine,1992,54000,167
Western and Central Europe,Austria,Cocaine,1993,40000,120
Western and Central Europe,Austria,Cocaine,1994,41946,126
Western and Central Europe,Austria,Cocaine,1995,52084,156
Western and Central Europe,Austria,Cocaine,1996,45875,138
Western and Central Europe,Austria,Cocaine,1997,56723,118
Western and Central Europe,Austria,Cocaine,1998,54440,113
Western and Central Europe,Austria,Cocaine,1999,38859,93
Western and Central Europe,Austria,Cocaine,2000,47094,94
Western and Central Europe,Austria,Cocaine,2001,43995,78
Western and Central Europe,Austria,Cocaine,2002,42385,71
Western and Central Europe,Austria,Cocaine,2003,59300,90
Western and Central Europe,Austria,Cocaine,2004,55894,103
Western and Central Europe,Austria,Cocaine,2005,59757,101
Western and Central Europe,Austria,Cocaine,2006,50185,78
Western and Central Europe,Austria,Cocaine,2007,61661,99
Western and Central Europe,Austria,Cocaine,2008,66176,110
Western and Central Europe,Austria,Cocaine,2009,48668,97
Western and Central Europe,Austria,Cocaine,2010,52989,97
Western and Central Europe,Austria,Cocaine,2011,62823,103
Western and Central Europe,Austria,Cocaine,2012,51546,103
Western and Central Europe,Austria,Cocaine,2013,73351,100
Western and Central Europe,Austria,Cocaine,2014,65797,132
Western and Central Europe,Austria,Cocaine,2015,54705,109
Western and Central Europe,Austria,Cocaine,2016,58139.54,111
Western and Central Europe,Austria,Cocaine,2017,58922.56,111
Western and Central Europe,Austria,Cocaine,2018,58922.56,111
Western and Central Europe,Austria,Cocaine,2019,58922.56,111
Western and Central Europe,Austria,Cocaine,2020,61503.42,119.59
Western and Central Europe,Austria,Heroin,1990,55244,270
Western and Central Europe,Austria,Heroin,1991,46145,250
Western and Central Europe,Austria,Heroin,1992,63000,203
Western and Central Europe,Austria,Heroin,1993,36000,132
Western and Central Europe,Austria,Heroin,1994,37752,138
Western and Central Europe,Austria,Heroin,1995,30491,103
Western and Central Europe,Austria,Heroin,1996,30222,87
Western and Central Europe,Austria,Heroin,1997,28831,70
Western and Central Europe,Austria,Heroin,1998,34565,94
Western and Central Europe,Austria,Heroin,1999,31087,57
Western and Central Europe,Austria,Heroin,2000,25026,75
Western and Central Europe,Austria,Heroin,2001,19553,44
Western and Central Europe,Austria,Heroin,2002,23547,92
Western and Central Europe,Austria,Heroin,2003,33900,68
Western and Central Europe,Austria,Heroin,2004,37260,75
Western and Central Europe,Austria,Heroin,2005,36168,74
Western and Central Europe,Austria,Heroin,2006,37640,69
Western and Central Europe,Austria,Heroin,2007,54810,99
Western and Central Europe,Austria,Heroin,2008,58824,110
Western and Central Europe,Austria,Heroin,2009,41715,97
Western and Central Europe,Austria,Heroin,2010,39741,93
Western and Central Europe,Austria,Heroin,2011,41882,98
Western and Central Europe,Austria,Heroin,2012,30928,64
Western and Central Europe,Austria,Heroin,2013,40010,80
Western and Central Europe,Austria,Heroin,2014,32899,53
Western and Central Europe,Austria,Heroin,2015,27352,44
Western and Central Europe,Austria,Heroin,2016,27685,66
Western and Central Europe,Austria,Heroin,2017,32580.38,65
Western and Central Europe,Austria,Heroin,2018,37475.76,71
Western and Central Europe,Austria,Heroin,2019,42371.14,71
Western and Central Europe,Austria,Heroin,2020,47266.51,68.34
Western and Central Europe,Belgium,Cocaine,1990,25000,80
Western and Central Europe,Belgium,Cocaine,1991,24000,90
Western and Central Europe,Belgium,Cocaine,1992,38250,68
Western and Central Europe,Belgium,Cocaine,1993,28000,95
Western and Central Europe,Belgium,Cocaine,1994,26920,82
Western and Central Europe,Belgium,Cocaine,1995,30560,93
Western and Central Europe,Belgium,Cocaine,1996,21927,90
Western and Central Europe,Belgium,Cocaine,1997,17025,57
Western and Central Europe,Belgium,Cocaine,1998,19167,55
Western and Central Europe,Belgium,Cocaine,1999,23859,60
Western and Central Europe,Belgium,Cocaine,2000,22376,55
Western and Central Europe,Belgium,Cocaine,2001,26771,51
Western and Central Europe,Belgium,Cocaine,2002,28111,50
Western and Central Europe,Belgium,Cocaine,2003,29610,51
Western and Central Europe,Belgium,Cocaine,2004,32480,51
Western and Central Europe,Belgium,Cocaine,2005,32480,51
Western and Central Europe,Belgium,Cocaine,2006,32480,60
Western and Central Europe,Belgium,Cocaine,2007,47958,67
Western and Central Europe,Belgium,Cocaine,2008,53757,72
Western and Central Europe,Belgium,Cocaine,2009,46675,71
Western and Central Europe,Belgium,Cocaine,2010,46365,67
Western and Central Europe,Belgium,Cocaine,2011,46594,75
Western and Central Europe,Belgium,Cocaine,2012,48722,73
Western and Central Europe,Belgium,Cocaine,2013,44011,68
Western and Central Europe,Belgium,Cocaine,2014,41500.67,75.89
Western and Central Europe,Belgium,Cocaine,2015,31798,59
Western and Central Europe,Belgium,Cocaine,2016,29777.41,67
Western and Central Europe,Belgium,Cocaine,2017,32155,65
Western and Central Europe,Belgium,Cocaine,2018,31609,66
Western and Central Europe,Belgium,Cocaine,2019,32350.5,57
Western and Central Europe,Belgium,Cocaine,2020,33029.61,59.52
Western and Central Europe,Belgium,Heroin,1990,30000,90
Western and Central Europe,Belgium,Heroin,1991,30000,105
Western and Central Europe,Belgium,Heroin,1992,28500,105
Western and Central Europe,Belgium,Heroin,1993,26600,77
Western and Central Europe,Belgium,Heroin,1994,29586,75
Western and Central Europe,Belgium,Heroin,1995,32580,75
Western and Central Europe,Belgium,Heroin,1996,24307,56
Western and Central Europe,Belgium,Heroin,1997,21761,37
Western and Central Europe,Belgium,Heroin,1998,20847,41
Western and Central Europe,Belgium,Heroin,1999,18557,41
Western and Central Europe,Belgium,Heroin,2000,18360,37
Western and Central Europe,Belgium,Heroin,2001,20292,27
Western and Central Europe,Belgium,Heroin,2002,22229,29
Western and Central Europe,Belgium,Heroin,2003,20960,31
Western and Central Europe,Belgium,Heroin,2004,23040,32
Western and Central Europe,Belgium,Heroin,2005,23336,31
Western and Central Europe,Belgium,Heroin,2006,18820,32
Western and Central Europe,Belgium,Heroin,2007,20554,33
Western and Central Europe,Belgium,Heroin,2008,14706,36
Western and Central Europe,Belgium,Heroin,2009,15991,33
Western and Central Europe,Belgium,Heroin,2010,15102,32
Western and Central Europe,Belgium,Heroin,2011,10720,42
Western and Central Europe,Belgium,Heroin,2012,20619,36
Western and Central Europe,Belgium,Heroin,2013,18338,37
Western and Central Europe,Belgium,Heroin,2014,17519.31,33
Western and Central Europe,Belgium,Heroin,2015,17505,24
Western and Central Europe,Belgium,Heroin,2016,26578.07,26
Western and Central Europe,Belgium,Heroin,2017,22638.57,29
Western and Central Europe,Belgium,Heroin,2018,18699.06,23
Western and Central Europe,Belgium,Heroin,2019,14759.55,23
Western and Central Europe,Belgium,Heroin,2020,10820.05,21.07
Western and Central Europe,Denmark,Cocaine,1990,80000,144
Western and Central Europe,Denmark,Cocaine,1991,85000,135
Western and Central Europe,Denmark,Cocaine,1992,85000,111
Western and Central Europe,Denmark,Cocaine,1993,82500,90
Western and Central Europe,Denmark,Cocaine,1994,58516,150
Western and Central Europe,Denmark,Cocaine,1995,60034,176
Western and Central Europe,Denmark,Cocaine,1996,46141,169
Western and Central Europe,Denmark,Cocaine,1997,38640,108
Western and Central Europe,Denmark,Cocaine,1998,44517,119
Western and Central Europe,Denmark,Cocaine,1999,78900,165
Western and Central Europe,Denmark,Cocaine,2000,43462,106
Western and Central Europe,Denmark,Cocaine,2001,47839,120
Western and Central Europe,Denmark,Cocaine,2002,37823,91
Western and Central Europe,Denmark,Cocaine,2003,53160,122
Western and Central Europe,Denmark,Cocaine,2004,45896,82
Western and Central Europe,Denmark,Cocaine,2005,50321,82
Western and Central Europe,Denmark,Cocaine,2006,40520,81
Western and Central Europe,Denmark,Cocaine,2007,40445,74
Western and Central Europe,Denmark,Cocaine,2008,43447,99
Western and Central Europe,Denmark,Cocaine,2009,40730,93
Western and Central Europe,Denmark,Cocaine,2010,44501,89
Western and Central Europe,Denmark,Cocaine,2011,47083,94
Western and Central Europe,Denmark,Cocaine,2012,43286,87
Western and Central Europe,Denmark,Cocaine,2013,44395,92
Western and Central Europe,Denmark,Cocaine,2014,49140,103
Western and Central Europe,Denmark,Cocaine,2015,29326,73
Western and Central Europe,Denmark,Cocaine,2016,29740,74
Western and Central Europe,Denmark,Cocaine,2017,45262.52,74
Western and Central Europe,Denmark,Cocaine,2018,39626,95
Western and Central Europe,Denmark,Cocaine,2019,37492.5,105
Western and Central Europe,Denmark,Cocaine,2020,37492.5,105
Western and Central Europe,Denmark,Heroin,1990,110000,287
Western and Central Europe,Denmark,Heroin,1991,100000,265
Western and Central Europe,Denmark,Heroin,1992,85000,151
Western and Central Europe,Denmark,Heroin,1993,95000,139
Western and Central Europe,Denmark,Heroin,1994,117625,228
Western and Central Europe,Denmark,Heroin,1995,106805,191
Western and Central Europe,Denmark,Heroin,1996,86806,157
Western and Central Europe,Denmark,Heroin,1997,100465,188
Western and Central Europe,Denmark,Heroin,1998,65693,147
Western and Central Europe,Denmark,Heroin,1999,61507,175
Western and Central Europe,Denmark,Heroin,2000,23585,116
Western and Central Europe,Denmark,Heroin,2001,32889,111
Western and Central Europe,Denmark,Heroin,2002,20803,126
Western and Central Europe,Denmark,Heroin,2003,41770,122
Western and Central Europe,Denmark,Heroin,2004,32820,94
Western and Central Europe,Denmark,Heroin,2005,37741,123
Western and Central Europe,Denmark,Heroin,2006,35967,100
Western and Central Europe,Denmark,Heroin,2007,33091,92
Western and Central Europe,Denmark,Heroin,2008,52335,158
Western and Central Europe,Denmark,Heroin,2009,49066,148
Western and Central Europe,Denmark,Heroin,2010,48952,151
Western and Central Europe,Denmark,Heroin,2011,51791,160
Western and Central Europe,Denmark,Heroin,2012,47614,147
Western and Central Europe,Denmark,Heroin,2013,64743,148
Western and Central Europe,Denmark,Heroin,2014,40950,139
Western and Central Europe,Denmark,Heroin,2015,47654,103
Western and Central Europe,Denmark,Heroin,2016,44610,104
Western and Central Europe,Denmark,Heroin,2017,45263,106
Western and Central Europe,Denmark,Heroin,2018,51514,135
Western and Central Europe,Denmark,Heroin,2019,37492.5,90
Western and Central Europe,Denmark,Heroin,2020,37492.5,90
Western and Central Europe,Finland,Cocaine,1990,79500,159
Western and Central Europe,Finland,Cocaine,1991,75000,150
Western and Central Europe,Finland,Cocaine,1992,62750,126
Western and Central Europe,Finland,Cocaine,1993,52500,105
Western and Central Europe,Finland,Cocaine,1994,82500,165
Western and Central Europe,Finland,Cocaine,1995,95450,191
Western and Central Europe,Finland,Cocaine,1996,91750,184
Western and Central Europe,Finland,Cocaine,1997,61550,123
Western and Central Europe,Finland,Cocaine,1998,89350,179
Western and Central Europe,Finland,Cocaine,1999,78460,157
Western and Central Europe,Finland,Cocaine,2000,68321,138
Western and Central Europe,Finland,Cocaine,2001,59492,121
Western and Central Europe,Finland,Cocaine,2002,51804,111
Western and Central Europe,Finland,Cocaine,2003,62150,151
Western and Central Europe,Finland,Cocaine,2004,68315,146
Western and Central Europe,Finland,Cocaine,2005,68315,125
Western and Central Europe,Finland,Cocaine,2006,56611,100
Western and Central Europe,Finland,Cocaine,2007,61660,110
Western and Central Europe,Finland,Cocaine,2008,66176,154
Western and Central Europe,Finland,Cocaine,2009,62573,139
Western and Central Europe,Finland,Cocaine,2010,59612,106
Western and Central Europe,Finland,Cocaine,2011,97724,112
Western and Central Europe,Finland,Cocaine,2012,90206,103
Western and Central Europe,Finland,Cocaine,2013,130032,107
Western and Central Europe,Finland,Cocaine,2014,128305,145
Western and Central Europe,Finland,Cocaine,2015,95733,126
Western and Central Europe,Finland,Cocaine,2016,77519,111
Western and Central Europe,Finland,Cocaine,2017,78563,112
Western and Central Europe,Finland,Cocaine,2018,94451,118
Western and Central Europe,Finland,Cocaine,2019,89585.67,112
Western and Central Europe,Finland,Cocaine,2020,96810.93,125.28
Western and Central Europe,Finland,Heroin,1990,353774,800
Western and Central Europe,Finland,Heroin,1991,353774,696
Western and Central Europe,Finland,Heroin,1992,353774,770
Western and Central Europe,Finland,Heroin,1993,353774,724
Western and Central Europe,Finland,Heroin,1994,353774,606
Western and Central Europe,Finland,Heroin,1995,353774,455
Western and Central Europe,Finland,Heroin,1996,321586,414
Western and Central Europe,Finland,Heroin,1997,199442,257
Western and Central Europe,Finland,Heroin,1998,197856,254
Western and Central Europe,Finland,Heroin,1999,194357,250
Western and Central Europe,Finland,Heroin,2000,161034,207
Western and Central Europe,Finland,Heroin,2001,44840,121
Western and Central Europe,Finland,Heroin,2002,51804,188
Western and Central Europe,Finland,Heroin,2003,51800,195
Western and Central Europe,Finland,Heroin,2004,68314,195
Western and Central Europe,Finland,Heroin,2005,69192,182
Western and Central Europe,Finland,Heroin,2006,69192,125
Western and Central Europe,Finland,Heroin,2007,54810,151
Western and Central Europe,Finland,Heroin,2008,58824,235
Western and Central Europe,Finland,Heroin,2009,58824,223
Western and Central Europe,Finland,Heroin,2010,52989,159
Western and Central Europe,Finland,Heroin,2011,55843,168
Western and Central Europe,Finland,Heroin,2012,51546,155
Western and Central Europe,Finland,Heroin,2013,53346,160
Western and Central Europe,Finland,Heroin,2014,53346,185
Western and Central Europe,Finland,Heroin,2015,53346,164
Western and Central Europe,Finland,Heroin,2016,53346,166
Western and Central Europe,Finland,Heroin,2017,53346,168
Western and Central Europe,Finland,Heroin,2018,53346,177
Western and Central Europe,Finland,Heroin,2019,53346,177
Western and Central Europe,Finland,Heroin,2020,53346,199.09
Western and Central Europe,France,Cocaine,1990,117000,99
Western and Central Europe,France,Cocaine,1991,38250,119
Western and Central Europe,France,Cocaine,1992,45000,140
Western and Central Europe,France,Cocaine,1993,38250,153
Western and Central Europe,France,Cocaine,1994,40000,151
Western and Central Europe,France,Cocaine,1995,39877,174
Western and Central Europe,France,Cocaine,1996,48077,125
Western and Central Europe,France,Cocaine,1997,43554,87
Western and Central Europe,France,Cocaine,1998,42159,84
Western and Central Europe,France,Cocaine,1999,27714,82
Western and Central Europe,France,Cocaine,2000,27000,50
Western and Central Europe,France,Cocaine,2001,34978,87
Western and Central Europe,France,Cocaine,2002,37676,75
Western and Central Europe,France,Cocaine,2003,45200,90
Western and Central Europe,France,Cocaine,2004,49683,99
Western and Central Europe,France,Cocaine,2005,50321,94
Western and Central Europe,France,Cocaine,2006,50190,97
Western and Central Europe,France,Cocaine,2007,61661,96
Western and Central Europe,France,Cocaine,2008,44118,103
Western and Central Europe,France,Cocaine,2009,41715,83
Western and Central Europe,France,Cocaine,2010,39741,80
Western and Central Europe,France,Cocaine,2011,38392,87
Western and Central Europe,France,Cocaine,2012,38660,84
Western and Central Europe,France,Cocaine,2013,40010,87
Western and Central Europe,France,Cocaine,2014,46058,86
Western and Central Europe,France,Cocaine,2015,38293,71
Western and Central Europe,France,Cocaine,2016,37728.67,71
Western and Central Europe,France,Cocaine,2017,37164.33,71
Western and Central Europe,France,Cocaine,2018,36600,83
Western and Central Europe,France,Cocaine,2019,34714.45,78
Western and Central Europe,France,Cocaine,2020,38154.9,75.17
Western and Central Europe,France,Heroin,1990,180000,145
Western and Central Europe,France,Heroin,1991,72250,153
Western and Central Europe,France,Heroin,1992,80000,150
Western and Central Europe,France,Heroin,1993,63750,135
Western and Central Europe,France,Heroin,1994,75000,144
Western and Central Europe,France,Heroin,1995,66035,170
Western and Central Europe,France,Heroin,1996,46603,156
Western and Central Europe,France,Heroin,1997,32230,113
Western and Central Europe,France,Heroin,1998,25885,119
Western and Central Europe,France,Heroin,1999,25596,111
Western and Central Europe,France,Heroin,2000,22158,32
Western and Central Europe,France,Heroin,2001,26906,34
Western and Central Europe,France,Heroin,2002,23547,47
Western and Central Europe,France,Heroin,2003,28250,57
Western and Central Europe,France,Heroin,2004,31050,68
Western and Central Europe,France,Heroin,2005,31450,69
Western and Central Europe,France,Heroin,2006,35550,67
Western and Central Europe,France,Heroin,2007,34246,55
Western and Central Europe,France,Heroin,2008,36743,66
Western and Central Europe,France,Heroin,2009,17385,56
Western and Central Europe,France,Heroin,2010,15897,53
Western and Central Europe,France,Heroin,2011,11169,49
Western and Central Europe,France,Heroin,2012,13853,45
Western and Central Europe,France,Heroin,2013,13337,47
Western and Central Europe,France,Heroin,2014,19739,46
Western and Central Europe,France,Heroin,2015,16411,38
Western and Central Europe,France,Heroin,2016,16844,39
Western and Central Europe,France,Heroin,2017,17277,40
Western and Central Europe,France,Heroin,2018,17710,41
Western and Central Europe,France,Heroin,2019,16797.31,39
Western and Central Europe,France,Heroin,2020,15518.22,37.59
Western and Central Europe,Germany,Cocaine,1990,69000,120
Western and Central Europe,Germany,Cocaine,1991,53100,103
Western and Central Europe,Germany,Cocaine,1992,60300,111
Western and Central Europe,Germany,Cocaine,1993,54142,95
Western and Central Europe,Germany,Cocaine,1994,57692,109
Western and Central Europe,Germany,Cocaine,1995,54676,103
Western and Central Europe,Germany,Cocaine,1996,53925,90
Western and Central Europe,Germany,Cocaine,1997,45294,77
Western and Central Europe,Germany,Cocaine,1998,41210,72
Western and Central Europe,Germany,Cocaine,1999,39639,68
Western and Central Europe,Germany,Cocaine,2000,33752,57
Western and Central Europe,Germany,Cocaine,2001,33235,58
Western and Central Europe,Germany,Cocaine,2002,34476,57
Western and Central Europe,Germany,Cocaine,2003,40110,68
Western and Central Europe,Germany,Cocaine,2004,44243,73
Western and Central Europe,Germany,Cocaine,2005,46525,79
Western and Central Europe,Germany,Cocaine,2006,45320,74
Western and Central Europe,Germany,Cocaine,2007,48826,86
Western and Central Europe,Germany,Cocaine,2008,54114,91
Western and Central Europe,Germany,Cocaine,2009,57171,87
Western and Central Europe,Germany,Cocaine,2010,53496,87
Western and Central Europe,Germany,Cocaine,2011,64044,92
Western and Central Europe,Germany,Cocaine,2012,49982,84
Western and Central Europe,Germany,Cocaine,2013,48678,92
Western and Central Europe,Germany,Cocaine,2014,50128,100
Western and Central Europe,Germany,Cocaine,2015,46849,81
Western and Central Europe,Germany,Cocaine,2016,46932,84
Western and Central Europe,Germany,Cocaine,2017,46832,81
Western and Central Europe,Germany,Cocaine,2018,50989,76
Western and Central Europe,Germany,Cocaine,2019,46920.49,60
Western and Central Europe,Germany,Cocaine,2020,45380.41,83.03
Western and Central Europe,Germany,Heroin,1990,45244,105
Western and Central Europe,Germany,Heroin,1991,36145,75
Western and Central Europe,Germany,Heroin,1992,41667,96
Western and Central Europe,Germany,Heroin,1993,35206,74
Western and Central Europe,Germany,Heroin,1994,36448,91
Western and Central Europe,Germany,Heroin,1995,35256,90
Western and Central Europe,Germany,Heroin,1996,27890,74
Western and Central Europe,Germany,Heroin,1997,25686,51
Western and Central Europe,Germany,Heroin,1998,25608,43
Western and Central Europe,Germany,Heroin,1999,24770,45
Western and Central Europe,Germany,Heroin,2000,20263,39
Western and Central Europe,Germany,Heroin,2001,17816,38
Western and Central Europe,Germany,Heroin,2002,20325,38
Western and Central Europe,Germany,Heroin,2003,21510,46
Western and Central Europe,Germany,Heroin,2004,25723,49
Western and Central Europe,Germany,Heroin,2005,25765,48
Western and Central Europe,Germany,Heroin,2006,22510,46
Western and Central Europe,Germany,Heroin,2007,25810,48
Western and Central Europe,Germany,Heroin,2008,26471,53
Western and Central Europe,Germany,Heroin,2009,26717,51
Western and Central Europe,Germany,Heroin,2010,32519,48
Western and Central Europe,Germany,Heroin,2011,35500,59
Western and Central Europe,Germany,Heroin,2012,35366,55
Western and Central Europe,Germany,Heroin,2013,41233,65
Western and Central Europe,Germany,Heroin,2014,29609,57
Western and Central Europe,Germany,Heroin,2015,36379,55
Western and Central Europe,Germany,Heroin,2016,33776,53
Western and Central Europe,Germany,Heroin,2017,35634,48
Western and Central Europe,Germany,Heroin,2018,33058,52
Western and Central Europe,Germany,Heroin,2019,33594.62,57
Western and Central Europe,Germany,Heroin,2020,34358.77,52.62
Western and Central Europe,Greece,Cocaine,1990,75000,150
Western and Central Europe,Greece,Cocaine,1991,90000,120
Western and Central Europe,Greece,Cocaine,1992,95000,105
Western and Central Europe,Greece,Cocaine,1993,36000,54
Western and Central Europe,Greece,Cocaine,1994,46413,116
Western and Central Europe,Greece,Cocaine,1995,53098,111
Western and Central Europe,Greece,Cocaine,1996,72015,144
Western and Central Europe,Greece,Cocaine,1997,43795,91
Western and Central Europe,Greece,Cocaine,1998,49180,54
Western and Central Europe,Greece,Cocaine,1999,49320,82
Western and Central Europe,Greece,Cocaine,2000,41237,69
Western and Central Europe,Greece,Cocaine,2001,40359,72
Western and Central Europe,Greece,Cocaine,2002,42385,75
Western and Central Europe,Greece,Cocaine,2003,53680,96
Western and Central Europe,Greece,Cocaine,2004,57446,93
Western and Central Europe,Greece,Cocaine,2005,62902,79
Western and Central Europe,Greece,Cocaine,2006,62735,110
Western and Central Europe,Greece,Cocaine,2007,62735,111
Western and Central Europe,Greece,Cocaine,2008,69853,110
Western and Central Europe,Greece,Cocaine,2009,63964,104
Western and Central Europe,Greece,Cocaine,2010,59612,96
Western and Central Europe,Greece,Cocaine,2011,56541,98
Western and Central Europe,Greece,Cocaine,2012,52835,97
Western and Central Europe,Greece,Cocaine,2013,56680,120
Western and Central Europe,Greece,Cocaine,2014,62507,112
Western and Central Europe,Greece,Cocaine,2015,51969,94
Western and Central Europe,Greece,Cocaine,2016,52602,94
Western and Central Europe,Greece,Cocaine,2017,44893,95
Western and Central Europe,Greece,Cocaine,2018,46045,100
Western and Central Europe,Greece,Cocaine,2019,42553.19,95
Western and Central Europe,Greece,Cocaine,2020,48405.47,102.51
Western and Central Europe,Greece,Heroin,1990,90000,120
Western and Central Europe,Greece,Heroin,1991,70000,175
Western and Central Europe,Greece,Heroin,1992,35000,63
Western and Central Europe,Greece,Heroin,1993,28000,44
Western and Central Europe,Greece,Heroin,1994,29536,105
Western and Central Europe,Greece,Heroin,1995,34362,88
Western and Central Europe,Greece,Heroin,1996,39090,77
Western and Central Europe,Greece,Heroin,1997,28775,80
Western and Central Europe,Greece,Heroin,1998,21020,55
Western and Central Europe,Greece,Heroin,1999,20714,55
Western and Central Europe,Greece,Heroin,2000,17320,55
Western and Central Europe,Greece,Heroin,2001,16592,53
Western and Central Europe,Greece,Heroin,2002,17425,45
Western and Central Europe,Greece,Heroin,2003,18650,65
Western and Central Europe,Greece,Heroin,2004,17540,51
Western and Central Europe,Greece,Heroin,2005,14782,31
Western and Central Europe,Greece,Heroin,2006,19450,75
Western and Central Europe,Greece,Heroin,2007,19450,75
Western and Central Europe,Greece,Heroin,2008,22413,59
Western and Central Europe,Greece,Heroin,2009,21205,54
Western and Central Europe,Greece,Heroin,2010,18215,40
Western and Central Europe,Greece,Heroin,2011,23035,24
Western and Central Europe,Greece,Heroin,2012,21263,18
Western and Central Europe,Greece,Heroin,2013,16004,28
Western and Central Europe,Greece,Heroin,2014,15791,28
Western and Central Europe,Greece,Heroin,2015,17505,26
Western and Central Europe,Greece,Heroin,2016,19934,26
Western and Central Europe,Greece,Heroin,2017,20202,24
Western and Central Europe,Greece,Heroin,2018,21842,25
Western and Central Europe,Greece,Heroin,2019,21276.6,24
Western and Central Europe,Greece,Heroin,2020,20501.14,21.07
Western and Central Europe,Ireland,Cocaine,1990,45000,141
Western and Central Europe,Ireland,Cocaine,1991,45000,137
Western and Central Europe,Ireland,Cocaine,1992,40000,120
Western and Central Europe,Ireland,Cocaine,1993,50000,110
Western and Central Europe,Ireland,Cocaine,1994,45000,100
Western and Central Europe,Ireland,Cocaine,1995,42000,119
Western and Central Europe,Ireland,Cocaine,1996,31646,32
Western and Central Europe,Ireland,Cocaine,1997,33733,34
Western and Central Europe,Ireland,Cocaine,1998,31530,32
Western and Central Europe,Ireland,Cocaine,1999,29891,30
Western and Central Europe,Ireland,Cocaine,2000,29891,28
Western and Central Europe,Ireland,Cocaine,2001,29891,28
Western and Central Europe,Ireland,Cocaine,2002,29891,94
Western and Central Europe,Ireland,Cocaine,2003,30510,79
Western and Central Europe,Ireland,Cocaine,2004,38557,87
Western and Central Europe,Ireland,Cocaine,2005,38506,88
Western and Central Europe,Ireland,Cocaine,2006,39636,88
Western and Central Europe,Ireland,Cocaine,2007,41107,96
Western and Central Europe,Ireland,Cocaine,2008,44118,103
Western and Central Europe,Ireland,Cocaine,2009,36161,97
Western and Central Europe,Ireland,Cocaine,2010,34443,93
Western and Central Europe,Ireland,Cocaine,2011,36298,98
Western and Central Europe,Ireland,Cocaine,2012,38660,90
Western and Central Europe,Ireland,Cocaine,2013,93356,93
Western and Central Europe,Ireland,Cocaine,2014,32899,92
Western and Central Europe,Ireland,Cocaine,2015,32823,77
Western and Central Europe,Ireland,Cocaine,2016,33223,78
Western and Central Europe,Ireland,Cocaine,2017,33140.5,78
Western and Central Europe,Ireland,Cocaine,2018,33058,83
Western and Central Europe,Ireland,Cocaine,2019,27995.52,78
Western and Central Europe,Ireland,Cocaine,2020,34168.56,79.73
Western and Central Europe,Ireland,Heroin,1990,63940,196
Western and Central Europe,Ireland,Heroin,1991,53940,180
Western and Central Europe,Ireland,Heroin,1992,53500,180
Western and Central Europe,Ireland,Heroin,1993,53210,168
Western and Central Europe,Ireland,Heroin,1994,52500,161
Western and Central Europe,Ireland,Heroin,1995,81479,179
Western and Central Europe,Ireland,Heroin,1996,77643,275
Western and Central Europe,Ireland,Heroin,1997,36531,228
Western and Central Europe,Ireland,Heroin,1998,34396,213
Western and Central Europe,Ireland,Heroin,1999,43478,204
Western and Central Europe,Ireland,Heroin,2000,37600,176
Western and Central Europe,Ireland,Heroin,2001,36441,170
Western and Central Europe,Ireland,Heroin,2002,36441,179
Western and Central Europe,Ireland,Heroin,2003,30510,179
Western and Central Europe,Ireland,Heroin,2004,30510,248
Western and Central Europe,Ireland,Heroin,2005,33967,252
Western and Central Europe,Ireland,Heroin,2006,33967,251
Western and Central Europe,Ireland,Heroin,2007,33967,274
Western and Central Europe,Ireland,Heroin,2008,44120,294
Western and Central Europe,Ireland,Heroin,2009,41725,209
Western and Central Europe,Ireland,Heroin,2010,39741,207
Western and Central Europe,Ireland,Heroin,2011,41882,209
Western and Central Europe,Ireland,Heroin,2012,38660,193
Western and Central Europe,Ireland,Heroin,2013,40010,200
Western and Central Europe,Ireland,Heroin,2014,52638,197
Western and Central Europe,Ireland,Heroin,2015,43764,153
Western and Central Europe,Ireland,Heroin,2016,44297,155
Western and Central Europe,Ireland,Heroin,2017,45761.5,155
Western and Central Europe,Ireland,Heroin,2018,47226,155
Western and Central Europe,Ireland,Heroin,2019,44792.83,157
Western and Central Europe,Ireland,Heroin,2020,39863.33,227.79
Western and Central Europe,Italy,Cocaine,1990,54000,108
Western and Central Europe,Italy,Cocaine,1991,48000,120
Western and Central Europe,Italy,Cocaine,1992,94000,164
Western and Central Europe,Italy,Cocaine,1993,41935,90
Western and Central Europe,Italy,Cocaine,1994,51097,104
Western and Central Europe,Italy,Cocaine,1995,51455,113
Western and Central Europe,Italy,Cocaine,1996,55633,129
Western and Central Europe,Italy,Cocaine,1997,50629,109
Western and Central Europe,Italy,Cocaine,1998,49091,129
Western and Central Europe,Italy,Cocaine,1999,47250,135
Western and Central Europe,Italy,Cocaine,2000,46000,100
Western and Central Europe,Italy,Cocaine,2001,40529,89
Western and Central Europe,Italy,Cocaine,2002,41412,90
Western and Central Europe,Italy,Cocaine,2003,47440,101
Western and Central Europe,Italy,Cocaine,2004,51759,113
Western and Central Europe,Italy,Cocaine,2005,52188,114
Western and Central Europe,Italy,Cocaine,2006,52920,104
Western and Central Europe,Italy,Cocaine,2007,56029,112
Western and Central Europe,Italy,Cocaine,2008,63514,111
Western and Central Europe,Italy,Cocaine,2009,57153,99
Western and Central Europe,Italy,Cocaine,2010,53593,92
Western and Central Europe,Italy,Cocaine,2011,54694,95
Western and Central Europe,Italy,Cocaine,2012,48854,90
Western and Central Europe,Italy,Cocaine,2013,51738,95
Western and Central Europe,Italy,Cocaine,2014,52082,94
Western and Central Europe,Italy,Cocaine,2015,42877,79
Western and Central Europe,Italy,Cocaine,2016,43499,87
Western and Central Europe,Italy,Cocaine,2017,43527,92
Western and Central Europe,Italy,Cocaine,2018,45667,96
Western and Central Europe,Italy,Cocaine,2019,42891.67,89
Western and Central Europe,Italy,Cocaine,2020,43769.93,91.34
Western and Central Europe,Italy,Heroin,1990,67500,167
Western and Central Europe,Italy,Heroin,1991,60000,148
Western and Central Europe,Italy,Heroin,1992,108000,140
Western and Central Europe,Italy,Heroin,1993,42581,29
Western and Central Europe,Italy,Heroin,1994,47690,55
Western and Central Europe,Italy,Heroin,1995,35786,41
Western and Central Europe,Italy,Heroin,1996,48152,115
Western and Central Europe,Italy,Heroin,1997,37795,98
Western and Central Europe,Italy,Heroin,1998,36459,120
Western and Central Europe,Italy,Heroin,1999,36894,95
Western and Central Europe,Italy,Heroin,2000,31163,71
Western and Central Europe,Italy,Heroin,2001,32979,68
Western and Central Europe,Italy,Heroin,2002,33669,59
Western and Central Europe,Italy,Heroin,2003,29830,63
Western and Central Europe,Italy,Heroin,2004,30109,69
Western and Central Europe,Italy,Heroin,2005,30496,68
Western and Central Europe,Italy,Heroin,2006,28830,66
Western and Central Europe,Italy,Heroin,2007,31676,66
Western and Central Europe,Italy,Heroin,2008,46300,78
Western and Central Europe,Italy,Heroin,2009,44044,72
Western and Central Europe,Italy,Heroin,2010,39478,68
Western and Central Europe,Italy,Heroin,2011,39687,73
Western and Central Europe,Italy,Heroin,2012,34912,67
Western and Central Europe,Italy,Heroin,2013,35537,68
Western and Central Europe,Italy,Heroin,2014,32961,65
Western and Central Europe,Italy,Heroin,2015,29727,53
Western and Central Europe,Italy,Heroin,2016,29884,53
Western and Central Europe,Italy,Heroin,2017,28432,48
Western and Central Europe,Italy,Heroin,2018,28524,53
Western and Central Europe,Italy,Heroin,2019,26274.82,54
Western and Central Europe,Italy,Heroin,2020,33443.05,61.5
Western and Central Europe,Luxembourg,Cocaine,1990,93919,150
Western and Central Europe,Luxembourg,Cocaine,1991,95939,150
Western and Central Europe,Luxembourg,Cocaine,1992,113521,150
Western and Central Europe,Luxembourg,Cocaine,1993,50847,150
Western and Central Europe,Luxembourg,Cocaine,1994,157593,172
Western and Central Europe,Luxembourg,Cocaine,1995,141343,194
Western and Central Europe,Luxembourg,Cocaine,1996,47625,127
Western and Central Europe,Luxembourg,Cocaine,1997,43103,115
Western and Central Europe,Luxembourg,Cocaine,1998,41072,110
Western and Central Europe,Luxembourg,Cocaine,1999,47718,119
Western and Central Europe,Luxembourg,Cocaine,2000,47718,119
Western and Central Europe,Luxembourg,Cocaine,2001,47718,119
Western and Central Europe,Luxembourg,Cocaine,2002,47718,107
Western and Central Europe,Luxembourg,Cocaine,2003,47718,96
Western and Central Europe,Luxembourg,Cocaine,2004,31052,114
Western and Central Europe,Luxembourg,Cocaine,2005,31450,105
Western and Central Europe,Luxembourg,Cocaine,2006,31450,106
Western and Central Europe,Luxembourg,Cocaine,2007,33787,89
Western and Central Europe,Luxembourg,Cocaine,2008,36299,89
Western and Central Europe,Luxembourg,Cocaine,2009,38996,89
Western and Central Europe,Luxembourg,Cocaine,2010,41895,166
Western and Central Europe,Luxembourg,Cocaine,2011,45008,119
Western and Central Europe,Luxembourg,Cocaine,2012,48353,110
Western and Central Europe,Luxembourg,Cocaine,2013,51947,114
Western and Central Europe,Luxembourg,Cocaine,2014,55808,112
Western and Central Europe,Luxembourg,Cocaine,2015,55808,93
Western and Central Europe,Luxembourg,Cocaine,2016,55808,95
Western and Central Europe,Luxembourg,Cocaine,2017,55808,106
Western and Central Europe,Luxembourg,Cocaine,2018,55808,81
Western and Central Europe,Luxembourg,Cocaine,2019,55808,77
Western and Central Europe,Luxembourg,Cocaine,2020,55808,85.42
Western and Central Europe,Luxembourg,Heroin,1990,86000,172
Western and Central Europe,Luxembourg,Heroin,1991,75000,150
Western and Central Europe,Luxembourg,Heroin,1992,75000,150
Western and Central Europe,Luxembourg,Heroin,1993,49500,150
Western and Central Europe,Luxembourg,Heroin,1994,86000,172
Western and Central Europe,Luxembourg,Heroin,1995,57079,202
Western and Central Europe,Luxembourg,Heroin,1996,59852,138
Western and Central Europe,Luxembourg,Heroin,1997,54786,141
Western and Central Europe,Luxembourg,Heroin,1998,52630,133
Western and Central Europe,Luxembourg,Heroin,1999,50368,126
Western and Central Europe,Luxembourg,Heroin,2000,48000,69
Western and Central Europe,Luxembourg,Heroin,2001,50369,67
Western and Central Europe,Luxembourg,Heroin,2002,50369,67
Western and Central Europe,Luxembourg,Heroin,2003,24700,45
Western and Central Europe,Luxembourg,Heroin,2004,43473,101
Western and Central Europe,Luxembourg,Heroin,2005,44030,102
Western and Central Europe,Luxembourg,Heroin,2006,44030,102
Western and Central Europe,Luxembourg,Heroin,2007,31451,96
Western and Central Europe,Luxembourg,Heroin,2008,33763,96
Western and Central Europe,Luxembourg,Heroin,2009,31925,96
Western and Central Europe,Luxembourg,Heroin,2010,30414,88
Western and Central Europe,Luxembourg,Heroin,2011,32052,78
Western and Central Europe,Luxembourg,Heroin,2012,29587,72
Western and Central Europe,Luxembourg,Heroin,2013,30000,74
Western and Central Europe,Luxembourg,Heroin,2014,30000,74
Western and Central Europe,Luxembourg,Heroin,2015,30000,61
Western and Central Europe,Luxembourg,Heroin,2016,30000,61
Western and Central Europe,Luxembourg,Heroin,2017,30000,61
Western and Central Europe,Luxembourg,Heroin,2018,30000,61
Western and Central Europe,Luxembourg,Heroin,2019,30000,53
Western and Central Europe,Luxembourg,Heroin,2020,30000,51.25
Western and Central Europe,Netherlands,Cocaine,1990,26500,66
Western and Central Europe,Netherlands,Cocaine,1991,28000,70
Western and Central Europe,Netherlands,Cocaine,1992,29500,74
Western and Central Europe,Netherlands,Cocaine,1993,26500,66
Western and Central Europe,Netherlands,Cocaine,1994,24680,60
Western and Central Europe,Netherlands,Cocaine,1995,33232,79
Western and Central Europe,Netherlands,Cocaine,1996,23894,52
Western and Central Europe,Netherlands,Cocaine,1997,29698,64
Western and Central Europe,Netherlands,Cocaine,1998,22355,38
Western and Central Europe,Netherlands,Cocaine,1999,27500,33
Western and Central Europe,Netherlands,Cocaine,2000,27500,33
Western and Central Europe,Netherlands,Cocaine,2001,27500,33
Western and Central Europe,Netherlands,Cocaine,2002,27500,33
Western and Central Europe,Netherlands,Cocaine,2003,27400,50
Western and Central Europe,Netherlands,Cocaine,2004,33775,59
Western and Central Europe,Netherlands,Cocaine,2005,33775,59
Western and Central Europe,Netherlands,Cocaine,2006,35000,60
Western and Central Europe,Netherlands,Cocaine,2007,42409,59
Western and Central Europe,Netherlands,Cocaine,2008,46691,63
Western and Central Europe,Netherlands,Cocaine,2009,44149,63
Western and Central Europe,Netherlands,Cocaine,2010,41596,59
Western and Central Europe,Netherlands,Cocaine,2011,43836,73
Western and Central Europe,Netherlands,Cocaine,2012,40464,67
Western and Central Europe,Netherlands,Cocaine,2013,41877,69
Western and Central Europe,Netherlands,Cocaine,2014,41877,69
Western and Central Europe,Netherlands,Cocaine,2015,41877,65.15
Western and Central Europe,Netherlands,Cocaine,2016,41877,62.04
Western and Central Europe,Netherlands,Cocaine,2017,41877,56
Western and Central Europe,Netherlands,Cocaine,2018,41877,58
Western and Central Europe,Netherlands,Cocaine,2019,41877,58
Western and Central Europe,Netherlands,Cocaine,2020,41877,57.29
Western and Central Europe,Netherlands,Heroin,1990,23850,49
Western and Central Europe,Netherlands,Heroin,1991,25000,50
Western and Central Europe,Netherlands,Heroin,1992,26550,55
Western and Central Europe,Netherlands,Heroin,1993,23850,49
Western and Central Europe,Netherlands,Heroin,1994,23850,55
Western and Central Europe,Netherlands,Heroin,1995,24384,61
Western and Central Europe,Netherlands,Heroin,1996,20572,48
Western and Central Europe,Netherlands,Heroin,1997,13810,55
Western and Central Europe,Netherlands,Heroin,1998,14056,34
Western and Central Europe,Netherlands,Heroin,1999,16985,30
Western and Central Europe,Netherlands,Heroin,2000,14703,25
Western and Central Europe,Netherlands,Heroin,2001,15757,43
Western and Central Europe,Netherlands,Heroin,2002,29199,35
Western and Central Europe,Netherlands,Heroin,2003,17730,40
Western and Central Europe,Netherlands,Heroin,2004,17730,57
Western and Central Europe,Netherlands,Heroin,2005,18240,38
Western and Central Europe,Netherlands,Heroin,2006,16625,38
Western and Central Europe,Netherlands,Heroin,2007,16957,33
Western and Central Europe,Netherlands,Heroin,2008,19841,53
Western and Central Europe,Netherlands,Heroin,2009,19841,53
Western and Central Europe,Netherlands,Heroin,2010,22079,51
Western and Central Europe,Netherlands,Heroin,2011,23268,60
Western and Central Europe,Netherlands,Heroin,2012,21478,55
Western and Central Europe,Netherlands,Heroin,2013,22228,47
Western and Central Europe,Netherlands,Heroin,2014,22228,45
Western and Central Europe,Netherlands,Heroin,2015,22228,45
Western and Central Europe,Netherlands,Heroin,2016,22228,39
Western and Central Europe,Netherlands,Heroin,2017,22228,43
Western and Central Europe,Netherlands,Heroin,2018,22228,41
Western and Central Europe,Netherlands,Heroin,2019,22228,41
Western and Central Europe,Netherlands,Heroin,2020,22228,41
Western and Central Europe,Norway,Cocaine,1990,120000,176
Western and Central Europe,Norway,Cocaine,1991,120000,170
Western and Central Europe,Norway,Cocaine,1992,127500,255
Western and Central Europe,Norway,Cocaine,1993,110000,156
Western and Central Europe,Norway,Cocaine,1994,39971,145
Western and Central Europe,Norway,Cocaine,1995,50000,150
Western and Central Europe,Norway,Cocaine,1996,41670,153
Western and Central Europe,Norway,Cocaine,1997,60028,177
Western and Central Europe,Norway,Cocaine,1998,81699,133
Western and Central Europe,Norway,Cocaine,1999,57545,128
Western and Central Europe,Norway,Cocaine,2000,51417,114
Western and Central Europe,Norway,Cocaine,2001,51569,157
Western and Central Europe,Norway,Cocaine,2002,54159,165
Western and Central Europe,Norway,Cocaine,2003,56500,170
Western and Central Europe,Norway,Cocaine,2004,65209,155
Western and Central Europe,Norway,Cocaine,2005,65209,155
Western and Central Europe,Norway,Cocaine,2006,56400,151
Western and Central Europe,Norway,Cocaine,2007,61661,164
Western and Central Europe,Norway,Cocaine,2008,51471,154
Western and Central Europe,Norway,Cocaine,2009,48668,146
Western and Central Europe,Norway,Cocaine,2010,46365,139
Western and Central Europe,Norway,Cocaine,2011,48862,147
Western and Central Europe,Norway,Cocaine,2012,45103,135
Western and Central Europe,Norway,Cocaine,2013,46678,127
Western and Central Europe,Norway,Cocaine,2014,46678,109
Western and Central Europe,Norway,Cocaine,2015,46678,92
Western and Central Europe,Norway,Cocaine,2016,46678,92
Western and Central Europe,Norway,Cocaine,2017,42393.38,115
Western and Central Europe,Norway,Cocaine,2018,42393.38,115
Western and Central Europe,Norway,Cocaine,2019,42393.38,115
Western and Central Europe,Norway,Cocaine,2020,42393.38,115
Western and Central Europe,Norway,Heroin,1990,220000,1680
Western and Central Europe,Norway,Heroin,1991,200000,525
Western and Central Europe,Norway,Heroin,1992,212500,510
Western and Central Europe,Norway,Heroin,1993,151099,275
Western and Central Europe,Norway,Heroin,1994,101744,349
Western and Central Europe,Norway,Heroin,1995,85000,300
Western and Central Europe,Norway,Heroin,1996,72520,282
Western and Central Europe,Norway,Heroin,1997,62209,198
Western and Central Europe,Norway,Heroin,1998,64918,186
Western and Central Europe,Norway,Heroin,1999,49872,166
Western and Central Europe,Norway,Heroin,2000,44561,128
Western and Central Europe,Norway,Heroin,2001,35874,157
Western and Central Europe,Norway,Heroin,2002,37676,165
Western and Central Europe,Norway,Heroin,2003,48234,198
Western and Central Europe,Norway,Heroin,2004,52790,148
Western and Central Europe,Norway,Heroin,2005,53490,220
Western and Central Europe,Norway,Heroin,2006,53325,220
Western and Central Europe,Norway,Heroin,2007,58235,240
Western and Central Europe,Norway,Heroin,2008,47766,170
Western and Central Europe,Norway,Heroin,2009,47766,160
Western and Central Europe,Norway,Heroin,2010,47794,152
Western and Central Europe,Norway,Heroin,2011,45372,161
Western and Central Europe,Norway,Heroin,2012,41223,143
Western and Central Europe,Norway,Heroin,2013,37074,126
Western and Central Europe,Norway,Heroin,2014,32925,109
Western and Central Europe,Norway,Heroin,2015,28775,92
Western and Central Europe,Norway,Heroin,2016,28775,97
Western and Central Europe,Norway,Heroin,2017,28775,102
Western and Central Europe,Norway,Heroin,2018,28775,102
Western and Central Europe,Norway,Heroin,2019,28775,102
Western and Central Europe,Norway,Heroin,2020,28775,102
Western and Central Europe,Portugal,Cocaine,1990,39500,63
Western and Central Europe,Portugal,Cocaine,1991,39285,57
Western and Central Europe,Portugal,Cocaine,1992,33000,60
Western and Central Europe,Portugal,Cocaine,1993,27000,57
Western and Central Europe,Portugal,Cocaine,1994,27950,59
Western and Central Europe,Portugal,Cocaine,1995,34483,66
Western and Central Europe,Portugal,Cocaine,1996,42591,64
Western and Central Europe,Portugal,Cocaine,1997,37908,57
Western and Central Europe,Portugal,Cocaine,1998,33447,51
Western and Central Europe,Portugal,Cocaine,1999,30000,43
Western and Central Europe,Portugal,Cocaine,2000,28000,56
Western and Central Europe,Portugal,Cocaine,2001,29080,48
Western and Central Europe,Portugal,Cocaine,2002,31046,36
Western and Central Europe,Portugal,Cocaine,2003,32410,47
Western and Central Europe,Portugal,Cocaine,2004,36399,49
Western and Central Europe,Portugal,Cocaine,2005,36399,55
Western and Central Europe,Portugal,Cocaine,2006,31365,56
Western and Central Europe,Portugal,Cocaine,2007,34256,55
Western and Central Europe,Portugal,Cocaine,2008,44118,66
Western and Central Europe,Portugal,Cocaine,2009,41716,66
Western and Central Europe,Portugal,Cocaine,2010,39741,61
Western and Central Europe,Portugal,Cocaine,2011,41882,70
Western and Central Europe,Portugal,Cocaine,2012,38660,65
Western and Central Europe,Portugal,Cocaine,2013,40010,63
Western and Central Europe,Portugal,Cocaine,2014,40010,63
Western and Central Europe,Portugal,Cocaine,2015,40010,59.31
Western and Central Europe,Portugal,Cocaine,2016,40010,56.58
Western and Central Europe,Portugal,Cocaine,2017,27643,50
Western and Central Europe,Portugal,Cocaine,2018,25260.47,54
Western and Central Europe,Portugal,Cocaine,2019,22877.93,37
Western and Central Europe,Portugal,Cocaine,2020,18895.22,37.59
Western and Central Europe,Portugal,Heroin,1990,50000,83
Western and Central Europe,Portugal,Heroin,1991,55000,82
Western and Central Europe,Portugal,Heroin,1992,46667,72
Western and Central Europe,Portugal,Heroin,1993,31500,63
Western and Central Europe,Portugal,Heroin,1994,32428,65
Western and Central Europe,Portugal,Heroin,1995,43171,79
Western and Central Europe,Portugal,Heroin,1996,45902,68
Western and Central Europe,Portugal,Heroin,1997,38841,55
Western and Central Europe,Portugal,Heroin,1998,30483,74
Western and Central Europe,Portugal,Heroin,1999,29339,37
Western and Central Europe,Portugal,Heroin,2000,25398,45
Western and Central Europe,Portugal,Heroin,2001,31310,45
Western and Central Europe,Portugal,Heroin,2002,25839,41
Western and Central Europe,Portugal,Heroin,2003,31000,54
Western and Central Europe,Portugal,Heroin,2004,34075,52
Western and Central Europe,Portugal,Heroin,2005,34512,52
Western and Central Europe,Portugal,Heroin,2006,34512,52
Western and Central Europe,Portugal,Heroin,2007,20554,52
Western and Central Europe,Portugal,Heroin,2008,27206,49
Western and Central Europe,Portugal,Heroin,2009,38239,51
Western and Central Europe,Portugal,Heroin,2010,29806,47
Western and Central Europe,Portugal,Heroin,2011,31411,50
Western and Central Europe,Portugal,Heroin,2012,28995,46
Western and Central Europe,Portugal,Heroin,2013,30007,48
Western and Central Europe,Portugal,Heroin,2014,30007,34
Western and Central Europe,Portugal,Heroin,2015,30007,32
Western and Central Europe,Portugal,Heroin,2016,30007,29
Western and Central Europe,Portugal,Heroin,2017,30007,30
Western and Central Europe,Portugal,Heroin,2018,30007,34
Western and Central Europe,Portugal,Heroin,2019,30007,27
Western and Central Europe,Portugal,Heroin,2020,30007,19.51
Western and Central Europe,Spain,Cocaine,1990,65000,110
Western and Central Europe,Spain,Cocaine,1991,60000,100
Western and Central Europe,Spain,Cocaine,1992,55000,100
Western and Central Europe,Spain,Cocaine,1993,35000,63
Western and Central Europe,Spain,Cocaine,1994,36434,78
Western and Central Europe,Spain,Cocaine,1995,41322,91
Western and Central Europe,Spain,Cocaine,1996,38760,72
Western and Central Europe,Spain,Cocaine,1997,36806,68
Western and Central Europe,Spain,Cocaine,1998,38924,68
Western and Central Europe,Spain,Cocaine,1999,38898,63
Western and Central Europe,Spain,Cocaine,2000,30882,52
Western and Central Europe,Spain,Cocaine,2001,38898,52
Western and Central Europe,Spain,Cocaine,2002,31511,56
Western and Central Europe,Spain,Cocaine,2003,38830,70
Western and Central Europe,Spain,Cocaine,2004,42167,76
Western and Central Europe,Spain,Cocaine,2005,41321,76
Western and Central Europe,Spain,Cocaine,2006,41210,76
Western and Central Europe,Spain,Cocaine,2007,46274,83
Western and Central Europe,Spain,Cocaine,2008,48709,89
Western and Central Europe,Spain,Cocaine,2009,45941,83
Western and Central Europe,Spain,Cocaine,2010,45034,79
Western and Central Europe,Spain,Cocaine,2011,47877,82
Western and Central Europe,Spain,Cocaine,2012,43909,76
Western and Central Europe,Spain,Cocaine,2013,44756,77
Western and Central Europe,Spain,Cocaine,2014,44857,76
Western and Central Europe,Spain,Cocaine,2015,37603,64
Western and Central Europe,Spain,Cocaine,2016,38586,64
Western and Central Europe,Spain,Cocaine,2017,39747,67
Western and Central Europe,Spain,Cocaine,2018,40150,70
Western and Central Europe,Spain,Cocaine,2019,38076.15,67
Western and Central Europe,Spain,Cocaine,2020,40726.65,67
Western and Central Europe,Spain,Heroin,1990,160000,175
Western and Central Europe,Spain,Heroin,1991,125000,185
Western and Central Europe,Spain,Heroin,1992,122500,180
Western and Central Europe,Spain,Heroin,1993,91000,126
Western and Central Europe,Spain,Heroin,1994,74418,132
Western and Central Europe,Spain,Heroin,1995,79880,120
Western and Central Europe,Spain,Heroin,1996,84395,112
Western and Central Europe,Spain,Heroin,1997,63880,88
Western and Central Europe,Spain,Heroin,1998,52755,82
Western and Central Europe,Spain,Heroin,1999,53820,75
Western and Central Europe,Spain,Heroin,2000,43596,59
Western and Central Europe,Spain,Heroin,2001,32000,57
Western and Central Europe,Spain,Heroin,2002,41202,61
Western and Central Europe,Spain,Heroin,2003,48420,75
Western and Central Europe,Spain,Heroin,2004,46350,81
Western and Central Europe,Spain,Heroin,2005,47055,80
Western and Central Europe,Spain,Heroin,2006,47371,78
Western and Central Europe,Spain,Heroin,2007,47671,86
Western and Central Europe,Spain,Heroin,2008,50697,92
Western and Central Europe,Spain,Heroin,2009,46621,86
Western and Central Europe,Spain,Heroin,2010,43993,80
Western and Central Europe,Spain,Heroin,2011,44530,83
Western and Central Europe,Spain,Heroin,2012,42110,76
Western and Central Europe,Spain,Heroin,2013,42012,76
Western and Central Europe,Spain,Heroin,2014,38807,75
Western and Central Europe,Spain,Heroin,2015,35138,63
Western and Central Europe,Spain,Heroin,2016,35755,64
Western and Central Europe,Spain,Heroin,2017,34624,64
Western and Central Europe,Spain,Heroin,2018,36681,69
Western and Central Europe,Spain,Heroin,2019,34529.68,66
Western and Central Europe,Spain,Heroin,2020,36029.61,66
Western and Central Europe,Sweden,Cocaine,1990,80000,160
Western and Central Europe,Sweden,Cocaine,1991,85000,152
Western and Central Europe,Sweden,Cocaine,1992,91375,183
Western and Central Europe,Sweden,Cocaine,1993,61450,123
Western and Central Europe,Sweden,Cocaine,1994,73825,148
Western and Central Europe,Sweden,Cocaine,1995,55556,118
Western and Central Europe,Sweden,Cocaine,1996,59255,118
Western and Central Europe,Sweden,Cocaine,1997,45573,98
Western and Central Europe,Sweden,Cocaine,1998,50484,88
Western and Central Europe,Sweden,Cocaine,1999,48508,97
Western and Central Europe,Sweden,Cocaine,2000,38394,77
Western and Central Europe,Sweden,Cocaine,2001,34693,79
Western and Central Europe,Sweden,Cocaine,2002,35763,87
Western and Central Europe,Sweden,Cocaine,2003,43130,99
Western and Central Europe,Sweden,Cocaine,2004,39560,93
Western and Central Europe,Sweden,Cocaine,2005,40068,92
Western and Central Europe,Sweden,Cocaine,2006,39270,101
Western and Central Europe,Sweden,Cocaine,2007,51883,96
Western and Central Europe,Sweden,Cocaine,2008,72844,138
Western and Central Europe,Sweden,Cocaine,2009,45459,104
Western and Central Europe,Sweden,Cocaine,2010,48382,111
Western and Central Europe,Sweden,Cocaine,2011,54494,125
Western and Central Europe,Sweden,Cocaine,2012,51620,147
Western and Central Europe,Sweden,Cocaine,2013,53159,139
Western and Central Europe,Sweden,Cocaine,2014,43938,127
Western and Central Europe,Sweden,Cocaine,2015,59744,108
Western and Central Europe,Sweden,Cocaine,2016,46860,117
Western and Central Europe,Sweden,Cocaine,2017,46604,105
Western and Central Europe,Sweden,Cocaine,2018,40262,115
Western and Central Europe,Sweden,Cocaine,2019,38107.34,85
Western and Central Europe,Sweden,Cocaine,2020,46060.47,97.54
Western and Central Europe,Sweden,Heroin,1990,140000,225
Western and Central Europe,Sweden,Heroin,1991,130000,210
Western and Central Europe,Sweden,Heroin,1992,115000,195
Western and Central Europe,Sweden,Heroin,1993,95000,180
Western and Central Europe,Sweden,Heroin,1994,117625,165
Western and Central Europe,Sweden,Heroin,1995,62655,337
Western and Central Europe,Sweden,Heroin,1996,64829,346
Western and Central Europe,Sweden,Heroin,1997,65771,135
Western and Central Europe,Sweden,Heroin,1998,63190,130
Western and Central Europe,Sweden,Heroin,1999,61022,126
Western and Central Europe,Sweden,Heroin,2000,41626,113
Western and Central Europe,Sweden,Heroin,2001,33702,129
Western and Central Europe,Sweden,Heroin,2002,34738,133
Western and Central Europe,Sweden,Heroin,2003,41900,128
Western and Central Europe,Sweden,Heroin,2004,31648,119
Western and Central Europe,Sweden,Heroin,2005,35970,149
Western and Central Europe,Sweden,Heroin,2006,35970,138
Western and Central Europe,Sweden,Heroin,2007,37059,185
Western and Central Europe,Sweden,Heroin,2008,38339,234
Western and Central Europe,Sweden,Heroin,2009,32471,201
Western and Central Europe,Sweden,Heroin,2010,41471,214
Western and Central Europe,Sweden,Heroin,2011,54494,272
Western and Central Europe,Sweden,Heroin,2012,44246,306
Western and Central Europe,Sweden,Heroin,2013,46225,169
Western and Central Europe,Sweden,Heroin,2014,41447,127
Western and Central Europe,Sweden,Heroin,2015,41447,135
Western and Central Europe,Sweden,Heroin,2016,41447,117
Western and Central Europe,Sweden,Heroin,2017,41447,73
Western and Central Europe,Sweden,Heroin,2018,41447,89
Western and Central Europe,Sweden,Heroin,2019,41447,95
Western and Central Europe,Sweden,Heroin,2020,37932.16,86.7
Western and Central Europe,Switzerland,Cocaine,1990,63900,178
Western and Central Europe,Switzerland,Cocaine,1991,94250,144
Western and Central Europe,Switzerland,Cocaine,1992,116250,188
Western and Central Europe,Switzerland,Cocaine,1993,50847,136
Western and Central Europe,Switzerland,Cocaine,1994,72012,146
Western and Central Europe,Switzerland,Cocaine,1995,75949,148
Western and Central Europe,Switzerland,Cocaine,1996,51587,127
Western and Central Europe,Switzerland,Cocaine,1997,40780,117
Western and Central Europe,Switzerland,Cocaine,1998,41152,110
Western and Central Europe,Switzerland,Cocaine,1999,41000,109
Western and Central Europe,Switzerland,Cocaine,2000,35482,77
Western and Central Europe,Switzerland,Cocaine,2001,23392,69
Western and Central Europe,Switzerland,Cocaine,2002,19274,74
Western and Central Europe,Switzerland,Cocaine,2003,37230,89
Western and Central Europe,Switzerland,Cocaine,2004,44008,86
Western and Central Europe,Switzerland,Cocaine,2005,44008,86
Western and Central Europe,Switzerland,Cocaine,2006,41090,74
Western and Central Europe,Switzerland,Cocaine,2007,44351,75
Western and Central Europe,Switzerland,Cocaine,2008,49307,65
Western and Central Europe,Switzerland,Cocaine,2009,50379,82
Western and Central Europe,Switzerland,Cocaine,2010,52554,96
Western and Central Europe,Switzerland,Cocaine,2011,58950,102
Western and Central Europe,Switzerland,Cocaine,2012,55477,96
Western and Central Europe,Switzerland,Cocaine,2013,58625,99
Western and Central Europe,Switzerland,Cocaine,2014,52685,78
Western and Central Europe,Switzerland,Cocaine,2015,52472,78
Western and Central Europe,Switzerland,Cocaine,2016,52472,78
Western and Central Europe,Switzerland,Cocaine,2017,52472,78
Western and Central Europe,Switzerland,Cocaine,2018,52472,78
Western and Central Europe,Switzerland,Cocaine,2019,52472,78
Western and Central Europe,Switzerland,Cocaine,2020,52472,78
Western and Central Europe,Switzerland,Heroin,1990,124000,312
Western and Central Europe,Switzerland,Heroin,1991,153800,221
Western and Central Europe,Switzerland,Heroin,1992,228875,248
Western and Central Europe,Switzerland,Heroin,1993,47460,126
Western and Central Europe,Switzerland,Heroin,1994,52823,164
Western and Central Europe,Switzerland,Heroin,1995,54850,190
Western and Central Europe,Switzerland,Heroin,1996,41665,116
Western and Central Europe,Switzerland,Heroin,1997,37234,81
Western and Central Europe,Switzerland,Heroin,1998,34294,96
Western and Central Europe,Switzerland,Heroin,1999,33422,167
Western and Central Europe,Switzerland,Heroin,2000,29568,53
Western and Central Europe,Switzerland,Heroin,2001,16082,45
Western and Central Europe,Switzerland,Heroin,2002,19149,39
Western and Central Europe,Switzerland,Heroin,2003,22340,48
Western and Central Europe,Switzerland,Heroin,2004,23580,48
Western and Central Europe,Switzerland,Heroin,2005,25420,48
Western and Central Europe,Switzerland,Heroin,2006,21470,39
Western and Central Europe,Switzerland,Heroin,2007,23180,42
Western and Central Europe,Switzerland,Heroin,2008,25584,37
Western and Central Europe,Switzerland,Heroin,2009,25190,46
Western and Central Europe,Switzerland,Heroin,2010,27710,48
Western and Central Europe,Switzerland,Heroin,2011,30609,57
Western and Central Europe,Switzerland,Heroin,2012,28805,64
Western and Central Europe,Switzerland,Heroin,2013,30440,68
Western and Central Europe,Switzerland,Heroin,2014,27356,61
Western and Central Europe,Switzerland,Heroin,2015,27245,61
Western and Central Europe,Switzerland,Heroin,2016,27245,61
Western and Central Europe,Switzerland,Heroin,2017,27245,61
Western and Central Europe,Switzerland,Heroin,2018,27245,61
Western and Central Europe,Switzerland,Heroin,2019,27245,61
Western and Central Europe,Switzerland,Heroin,2020,27245,61
Western and Central Europe,United Kingdom,Cocaine,1990,47850,131
Western and Central Europe,United Kingdom,Cocaine,1991,46475,127
Western and Central Europe,United Kingdom,Cocaine,1992,20625,69
Western and Central Europe,United Kingdom,Cocaine,1993,43210,123
Western and Central Europe,United Kingdom,Cocaine,1994,45000,113
Western and Central Europe,United Kingdom,Cocaine,1995,46774,111
Western and Central Europe,United Kingdom,Cocaine,1996,40625,102
Western and Central Europe,United Kingdom,Cocaine,1997,47500,124
Western and Central Europe,United Kingdom,Cocaine,1998,47500,128
Western and Central Europe,United Kingdom,Cocaine,1999,33981,104
Western and Central Europe,United Kingdom,Cocaine,2000,38168,94
Western and Central Europe,United Kingdom,Cocaine,2001,36008,94
Western and Central Europe,United Kingdom,Cocaine,2002,35848,84
Western and Central Europe,United Kingdom,Cocaine,2003,40880,90
Western and Central Europe,United Kingdom,Cocaine,2004,50036,91
Western and Central Europe,United Kingdom,Cocaine,2005,50036,79
Western and Central Europe,United Kingdom,Cocaine,2006,50943,87
Western and Central Europe,United Kingdom,Cocaine,2007,60362,91
Western and Central Europe,United Kingdom,Cocaine,2008,64682,74
Western and Central Europe,United Kingdom,Cocaine,2009,76963,62
Western and Central Europe,United Kingdom,Cocaine,2010,76897,62
Western and Central Europe,United Kingdom,Cocaine,2011,80334,64
Western and Central Europe,United Kingdom,Cocaine,2012,79132,63
Western and Central Europe,United Kingdom,Cocaine,2013,66907,67
Western and Central Europe,United Kingdom,Cocaine,2014,62112,62
Western and Central Europe,United Kingdom,Cocaine,2015,57778,59
Western and Central Europe,United Kingdom,Cocaine,2016,44715,54
Western and Central Europe,United Kingdom,Cocaine,2017,35990,103
Western and Central Europe,United Kingdom,Cocaine,2018,46729,107
Western and Central Europe,United Kingdom,Cocaine,2019,44529.26,127
Western and Central Europe,United Kingdom,Cocaine,2020,51413.88,102.83
Western and Central Europe,United Kingdom,Heroin,1990,53940,157
Western and Central Europe,United Kingdom,Heroin,1991,43940,144
Western and Central Europe,United Kingdom,Heroin,1992,43500,144
Western and Central Europe,United Kingdom,Heroin,1993,43210,134
Western and Central Europe,United Kingdom,Heroin,1994,42500,129
Western and Central Europe,United Kingdom,Heroin,1995,42004,125
Western and Central Europe,United Kingdom,Heroin,1996,34846,108
Western and Central Europe,United Kingdom,Heroin,1997,39491,118
Western and Central Europe,United Kingdom,Heroin,1998,41667,120
Western and Central Europe,United Kingdom,Heroin,1999,29126,108
Western and Central Europe,United Kingdom,Heroin,2000,26718,107
Western and Central Europe,United Kingdom,Heroin,2001,25926,86
Western and Central Europe,United Kingdom,Heroin,2002,30620,91
Western and Central Europe,United Kingdom,Heroin,2003,34340,100
Western and Central Europe,United Kingdom,Heroin,2004,39041,110
Western and Central Europe,United Kingdom,Heroin,2005,33249,93
Western and Central Europe,United Kingdom,Heroin,2006,28320,71
Western and Central Europe,United Kingdom,Heroin,2007,27163,101
Western and Central Europe,United Kingdom,Heroin,2008,29569,83
Western and Central Europe,United Kingdom,Heroin,2009,24628,69
Western and Central Europe,United Kingdom,Heroin,2010,32297,62
Western and Central Europe,United Kingdom,Heroin,2011,40167,64
Western and Central Europe,United Kingdom,Heroin,2012,47479,63
Western and Central Europe,United Kingdom,Heroin,2013,46835,63
Western and Central Europe,United Kingdom,Heroin,2014,41925,78
Western and Central Europe,United Kingdom,Heroin,2015,40000,59
Western and Central Europe,United Kingdom,Heroin,2016,31165,68
Western and Central Europe,United Kingdom,Heroin,2017,32134,64
Western and Central Europe,United Kingdom,Heroin,2018,22697,53
Western and Central Europe,United Kingdom,Heroin,2019,22900.76,64
Western and Central Europe,United Kingdom,Heroin,2020,25706.94,64
